Id Personne;Nom;Prenom;N° INE;Diplôme;Cursus;Régime Inscrip.;Francophone;Filieres
300000;0877432d1026706d;7e805da846a32c3b;b81e3c29b6217927;ING;24 mois;Apprentis;OUI;CYBER
300001;c8eb5bb682575ec8;7a171ac826a6fce4;8478dcb74f21345d;ING;24 mois;Apprentis;OUI;CYBER
300002;cce8038a39d5e085;3964b50af03b9717;22f244f58d669cbe;ING;24 mois;Apprentis;OUI;CYBER
300003;3772a077021721a2;78f64f7fd633dbdd;e131ca3766e4d58e;ING;24 mois;Apprentis;OUI;SE
300004;2e310275dff6c15c;0c8e9df469611a11;f5125227c3712da8;ING;24 mois;Apprentis;OUI;DSAI
300005;a78c49ea20e32684;b27b95e909348334;896a68f812d810a4;ING;24 mois;Apprentis;OUI;DSAI
300006;5ed03241b4d419b1;b673bd4755d05ad7;853c1f76eb97706c;ING;24 mois;Apprentis;OUI;RIO
300007;828bca0385813dba;d3c681d06bd2aa39;9dac946dc59c0996;ING;24 mois;Apprentis;OUI;RIO
300008;aeee6f529a279764;017f2ed6cfc7403d;75e173e4eaede5fe;ING;24 mois;Apprentis;OUI;SE
300009;78f78e2978aa2447;c462ddaed16dc0cf;0b9cd7f78df0cac5;ING;24 mois;Apprentis;OUI;RIO
300010;40c02d4e518ca6ea;ac8d82f01b721076;0474f36e8b535930;ING;24 mois;Apprentis;OUI;SE
300011;cc6273931bdb2a0d;f3dbe4d58fed8a72;8e7eca0fa5f6b8a8;ING;24 mois;Apprentis;OUI;RIO
300012;0627df7ffe0297c7;9bfbdabe898736a3;566f893697b59048;ING;24 mois;Apprentis;OUI;RIO
300013;194f309ffea518f3;2cf21449273d7cee;9d9136682575250d;ING;24 mois;Apprentis;OUI;CYBER
300014;f91799e2786d3748;421599e3e9c8fe21;da80270815fe85df;ING;24 mois;Apprentis;OUI;SE
300015;fbdaa35adf9c1e2a;8a3c0ed16bfe1684;9ef307590d273e34;ING;24 mois;Apprentis;OUI;CYBER
300016;98dff7e4c6428da8;099f4efbacea67c7;d1afcc4f14a3e3e0;ING;24 mois;Apprentis;OUI;SE
300017;d42f8ac2acaf1279;72d33e5901a19bbd;47d5552c7f47e8e8;ING;24 mois;Apprentis;OUI;DSAI
300018;e952eb9d8e96cf37;cb990c801f97b768;4319e1b429ad564b;ING;24 mois;Apprentis;OUI;CYBER
300019;58f9a3e247cb2c08;3eb8cb37f0a72e9d;34119f3374cebd4d;ING;24 mois;Apprentis;OUI;RIO
300020;fd81b6ee7b3bb1c8;63e2601a7462667a;40844853040b7a05;ING;24 mois;Apprentis;OUI;CYBER
300021;14d32feb3e719e01;fcd3fe22a4248ac9;ed336de7daecd3ad;ING;24 mois;Apprentis;OUI;RIO
300022;8b4f2222d3b41a3d;bd199b364f73bb38;7d080589ab054c24;ING;24 mois;Apprentis;OUI;RIO
300023;26cdea5b9a214512;8edfed863bd39f91;7c10696489a30fd5;ING;24 mois;Apprentis;OUI;CYBER
300024;c7b2c1d0e2adcd93;c0a5eb2d37dc2c9a;7a5236bb47348654;ING;24 mois;Apprentis;OUI;DSAI
300025;5feeaa4e2fe981b2;9ee11b922ce1e6af;41e3a2517ee5bb9c;ING;24 mois;Apprentis;OUI;CYBER
300026;a1a2a3c984a24b9c;429ca42db0b956af;67442931a4c4555e;ING;24 mois;Apprentis;OUI;SE
300027;db7e9e779f6bee9c;d56481fb339258e4;d27eb0d1cb7c2b70;ING;24 mois;Apprentis;OUI;CYBER
300028;3a4419f4fe020864;d3979317de23f074;9d0b7d52b20cf1cb;ING;24 mois;Apprentis;OUI;RIO
300029;0b2b73a41ba5ef54;2e196161a9cf8169;b1a83bdceca5ffb8;ING;24 mois;Apprentis;OUI;RIO
300030;d2d59a32a99ed5eb;e1bd812cb504e142;7bbc14ebbe24bca8;ING;24 mois;Apprentis;OUI;CYBER
300031;305fc388e69f6342;e5e2ab29955b7364;7f0bbe4229cfdd24;ING;24 mois;Apprentis;OUI;DSAI
300032;a2eeb454d134955a;7b92868492545a10;2186d0f99f7c9e21;PEI;1 semestre;Auditeur libre;OUI;
300033;5edfe6a4aabc4b3a;7e38e74319cd75aa;65fef9f02ce76b11;PEI;1 semestre;Auditeur libre;OUI;
300034;9ff903d48bcb1c16;b92ce8343cbab46c;1114afe44aa5c9af;PEI;1 semestre;Auditeur libre;OUI;
300035;9f0ba3d90f871f5c;471360ead4d6df14;6afca5eab8f67897;PEI;1 semestre;Auditeur libre;OUI;
300036;996fafb893ccb491;92be8f6688437717;713daf3405dff69a;PEI;1 semestre;Auditeur libre;OUI;
300037;912715d51cf59109;3a9ef4e863a5e850;a965cda2c354fa70;PEI;1 semestre;Auditeur libre;OUI;
300038;908b713e95c939b7;74f4ebdf672eb231;645ae36f2e1e4de1;ING;36 mois;Etudiant;OUI;DSAI$$SPAI
300039;90c80621db212f19;d54dbcecc24b35c4;7009edc77eb48631;ING;36 mois;Etudiant;OUI;ACCQ$$DSAI
300040;076231e171ce7614;97aa7947d9815df1;bcadd49c5f7794e1;ING;36 mois;Etudiant;OUI;RIO$$MODS
300041;4c786a2eb2618c12;66f6a90663f76c7a;9ceb98bfe3fa6bad;ING;36 mois;Etudiant;OUI;ACCQ$$SPAI
300042;408d946a7c7fa8ff;e5b54f511210d472;406eb1ff00d00890;ING;36 mois;Etudiant;OUI;GIN$$RIO
300043;d5334768b8c2bce7;79212cccf1052fda;3176f812815a064c;ING;36 mois;Etudiant;OUI;SE$$DSAI
300044;7cac42b13d72aca0;8ef7bcd5c2972284;c4cab3209eb83425;ING;36 mois;Etudiant;OUI;SPAI$$IMA
300045;d302b2ac09dc275c;54898f425d8d9f2b;87f6e3490cacaead;ING;36 mois;Etudiant;OUI;MODS$$ACCQ
300046;a6fa5ca9f7ac8cb3;650e6e92df49784d;c2efcd1b237b51ca;ING;36 mois;Etudiant;OUI;SPAI$$MACS
300047;03877ebce4b0f39d;234b9ae6fbf3eea2;9130a35755ade7c5;ING;36 mois;Etudiant;OUI;SPAI$$MODS
300048;c06edc0668235ba6;e38facc3bbe5924a;37935b4cd4cd5f55;ING;36 mois;Etudiant;OUI;SLR$$DSAI
300049;ae1b0f46cfdfdef5;207918795ef338b1;e6d3791e8b2e376b;ING;36 mois;Etudiant;OUI;SE$$MACS
300050;d54661b85a99834d;184474a7cf48dce2;2c8befa02eb2c6d6;ING;36 mois;Etudiant;OUI;RIO$$ACCQ
300051;9a4fa113e035ee0d;649582b82b51c97d;2306f247e00a3d4f;ING;36 mois;Etudiant;OUI;SE$$MITRO
300052;33ab94c44205eb64;de62343cbda47827;90966c917fc37f20;ING;36 mois;Etudiant;OUI;GIN$$MITRO
300053;db5f20208611c9dd;c24829264ac29d71;72d3e19530405fb8;ING;36 mois;Etudiant;OUI;MACS$$RIO
300054;830ad8282feb1f5b;5833701071fbc451;d7a7da82b31571c2;ING;36 mois;Etudiant;OUI;SLR$$MACS
300055;2e0b6997ebf6740d;07b0a0c9367df148;217dbe234c21d479;ING;36 mois;Etudiant;OUI;RIO$$MITRO
300056;caae872643435eea;d3b6e9e8325916a4;27bc19850ce73e34;ING;36 mois;Etudiant;OUI;IMA$$MITRO
300057;746cb282026e42a3;1e15dcf0cd5b6588;e4179fdf128c4d67;ING;36 mois;Etudiant;OUI;MACS$$GIN
300058;0cbffbac850a7081;fb75377817cb557a;b0b46f95f121770f;ING;36 mois;Etudiant;OUI;ACCQ$$RIO
300059;64a5a10443b2bc3a;9a45dfa5b75c9945;0c15a73f4a27ba52;ING;36 mois;Etudiant;OUI;CYBER$$SPAI
300060;ae08672b8301ced5;dfcbc3f75e2190a8;32a5c522af0d5d51;ING;36 mois;Etudiant;OUI;RIO$$DSAI
300061;6d899731cf41b0d2;9f6306592f39cff8;2c5bcb5e18ee8781;ING;36 mois;Etudiant;OUI;IGR$$TELECOM
300062;32bd71cdf7f92c14;3e556641d2d648a2;2cca8e0d3d443339;ING;36 mois;Etudiant;OUI;MACS$$DSAI
300063;ff158c4c1ca71f8b;0a998f3749ea8d26;e6dfb1529c405661;ING;36 mois;Etudiant;OUI;RIO$$IMA
300064;b68bec307bfe5fbb;58290c1567768d00;f4507898dcbe86e9;ING;36 mois;Etudiant;OUI;IMA$$MODS
300065;c30b993f2a8a8896;471ca40f98dcc16a;7fb95593f485a27b;ING;36 mois;Etudiant;OUI;DSAI$$RIO
300066;dab89e3f12f63c9d;1446ade4a52fa5a1;0e8655f24ddcdfc0;ING;36 mois;Etudiant;OUI;TELECOM$$RIO
300067;b0a60077b943c952;199ead4afb65c077;46053b1c8113013d;ING;36 mois;Etudiant;OUI;CYBER$$TELECOM
300068;8f4609d384d33933;f6686bd951f6fa70;023f422387e98e13;ING;36 mois;Etudiant;OUI;MODS$$MACS
300069;ad331045abe82ba5;3cce8cfd534153df;e5cb04ff3de128a0;ING;36 mois;Etudiant;OUI;RIO$$MITRO
300070;7a3d7fbc4105ff52;fa7a817cc72eee2f;ea3f03cd10296eab;ING;36 mois;Etudiant;OUI;DSAI$$ACCQ
300071;fbe3370ab9b315f4;d38663c6e6a3d13e;e4f01df5543cacd7;ING;36 mois;Etudiant;OUI;RIO$$MITRO
300072;9e44d9a6669b45a3;bfd9d030c4116859;841961be37c791cc;ING;36 mois;Etudiant;OUI;IMA$$SPAI
300073;a1086e7b669e5255;3c1d884580ae414a;19fb2a7525dc2b76;ING;36 mois;Etudiant;OUI;MODS$$RIO
300074;96f03be771ac3c89;0bef196a2350266d;36d240ea12215827;ING;36 mois;Etudiant;OUI;DSAI$$MITRO
300075;ecda0c30212b3992;9ecc0f574c949b04;310c296b6d455786;ING;36 mois;Etudiant;OUI;SPAI$$MODS
300076;1e292836fab47392;6afea94bad50a77d;8b4afeeb9f352846;ING;36 mois;Etudiant;OUI;IGR$$DSAI
300077;2200c618f4bc794e;2cb0754e554fb17f;728b716bcfe11a38;ING;36 mois;Etudiant;OUI;IMA$$SPAI
300078;5ccb28c7cbbff04e;57286455b37da3ff;f65d071454141585;ING;36 mois;Etudiant;OUI;RIO$$IMA
300079;0926eff57d4585ae;27cc4306d435f132;f40ddb1d7fcb3d48;ING;36 mois;Etudiant;OUI;SE$$MODS
300080;29d860030c6adb34;d88db8c6df5bf89b;c437e536ca15c024;ING;36 mois;Etudiant;OUI;SE$$IMA
300081;2287b21cc915fe06;961751b70528cbcc;60229bb876ec085d;ING;36 mois;Etudiant;OUI;SE$$ACCQ
300082;9a388ecf7aee0f38;2c77adb08792ca25;fab6856f67786767;ING;36 mois;Etudiant;OUI;SE$$ACCQ
300083;332f01fbaf8f58c7;41df1bc5e3ea006c;3ab85878fab5fd6d;ING;36 mois;Etudiant;OUI;RIO$$MITRO
300084;c8e547387dc644f0;5df4af981c35168f;3ea8bb8b0d3b659b;ING;36 mois;Etudiant;OUI;DSAI$$MITRO
300085;e2c9e45adc225a7a;a98c8ebed5504782;65c332f10c23842c;ING;36 mois;Etudiant;OUI;MITRO$$SE
300086;9e44501bafe8e45e;d9bf72e9bd849004;b9f0ff90d970b6dd;ING;36 mois;Etudiant;OUI;MITRO$$IMA
300087;cc782d7898d62549;3ee8f6a041053984;e07240f6ad9fbe1a;ING;36 mois;Etudiant;OUI;MODS$$SLR
300088;418c2f568c037ce7;16e36fc9a5138f96;b1637da0583c701f;ING;36 mois;Etudiant;OUI;IGR$$DSAI
300089;275f2a11b434f7ab;e60cb481fe9f65ba;e8524e98be0c50b7;ING;36 mois;Etudiant;OUI;DSAI$$SLR
300090;c6f49ada33214516;3f631cf81b7206f2;e1bdb1812926337c;ING;36 mois;Etudiant;OUI;MITRO$$GIN
300091;75d3bed355ca5eba;abdda76c8beec019;0490976a08431eb4;ING;36 mois;Etudiant;OUI;SLR$$SE
300092;77892c62af5f391c;21abdd370c191a4a;741ce27d9c44a2f1;ING;36 mois;Etudiant;OUI;MACS$$MITRO
300093;cd44f6fc67728da2;3ddbb6ab095be4e1;76b42317490a39ef;ING;36 mois;Etudiant;OUI;ACCQ$$IMA
300094;668f40c18519681e;02c8b309c7c3af25;6e0179afc50bbb97;ING;36 mois;Etudiant;OUI;CYBER$$TELECOM
300095;8c0874ac42c7d74d;9ae4646494d45a23;5a40add9e8463450;ING;36 mois;Etudiant;OUI;IMA$$GIN
300096;87770b2f4fb5cff4;5671d08d76625efa;e7dc1cac13ee17c1;ING;36 mois;Etudiant;OUI;DSAI$$ACCQ
300097;169ec99e5d914ee2;354cdae05e6e28a5;323eb2c5cc15a454;ING;36 mois;Etudiant;OUI;ACCQ$$SE
300098;d99e95346080eff0;f76fede207861541;b1419a213d5595eb;ING;36 mois;Etudiant;OUI;SLR$$DSAI
300099;9abc2d29f438ad66;132f9da8b4fff579;6030e36dd1ab6069;ING;36 mois;Etudiant;OUI;SPAI$$IGR
300100;9a03aac056aaff14;f4eaed19a06ab248;0ac5c539a18d2f7b;ING;36 mois;Etudiant;OUI;IMA$$GIN
300101;6953b162e0f46af9;a43461ec30912ae1;39096a6698ae3845;ING;36 mois;Etudiant;OUI;MODS$$SPAI
300102;36ba8497529ae140;f13c12dc5eb9a62e;42e3e9ef7748bc5a;ING;36 mois;Etudiant;OUI;IMA$$CYBER
300103;f3bfe59b43c3a29e;cd775fc2a6dda752;f3ea3e59c23caf12;ING;36 mois;Etudiant;OUI;MODS$$CYBER
300104;044e9ce66a99db20;c491b10b3907dcac;ccd65f46cbd49440;ING;36 mois;Etudiant;OUI;TELECOM$$MACS
300105;fd424ded5edecb75;d0f78db11fb3f248;e227f291a0fefadb;ING;36 mois;Etudiant;OUI;GIN$$CYBER
300106;951981f51909f242;8848880354eb587f;51a244fdc7e56b18;ING;36 mois;Etudiant;OUI;SPAI$$RIO
300107;5ecf9f7ccf84d09e;ca13bd8a8838ce76;a5a0020d33eb7986;ING;36 mois;Etudiant;OUI;DSAI$$MACS
300108;163324c53589e2e8;da85281cca1885e2;f6c5f34d63e83122;ING;36 mois;Etudiant;OUI;CYBER$$ACCQ
300109;e0f401c84ac0ffdc;270cf3ba9c12ba2e;9651c69c3bf2e641;ING;36 mois;Etudiant;OUI;ACCQ$$IMA
300110;7fc29fe01a1a1c36;e47214f0f1740519;3e5233f726daca34;ING;36 mois;Etudiant;OUI;TELECOM$$DSAI
300111;615a2384d5b5e714;3c50f200529df464;8ed7515f29bd0763;ING;36 mois;Etudiant;OUI;MITRO$$SPAI
300112;7e681634ff5511b9;6d8ae131550f327e;ad6a73a737d6c72f;ING;36 mois;Etudiant;OUI;ACCQ$$RIO
300113;d46e5cb4e6b86a41;1843eed5a795572d;f6fe80d77ad740d1;ING;36 mois;Etudiant;OUI;ACCQ$$GIN
300114;1dcf3ef720d64b97;20f95e0ee4c5be02;ca19d862a1b13cbe;ING;36 mois;Etudiant;OUI;GIN$$SE
300115;5264a73f67ab8d81;2bbef3f9eb26e22c;59235834f4609d4f;ING;36 mois;Etudiant;OUI;ACCQ$$MITRO
300116;096207adaafee949;587fb914b9e55955;45731a4e8b561ab4;ING;36 mois;Etudiant;OUI;MITRO$$MODS
300117;5930cf4ea40a9f94;ea3f14390c7eb2a1;678602e2c6fa1bc4;ING;36 mois;Etudiant;OUI;MITRO$$ACCQ
300118;cb09bb9e26ede95d;d42469fa2c20d8d5;e465c9f199fe7004;ING;36 mois;Etudiant;OUI;DSAI$$MODS
300119;f39d5f7038f2bfd8;f3b08514ae4b518b;db19926535aa98b3;ING;36 mois;Etudiant;OUI;IMA$$SPAI
300120;4049bfda5364763d;e2340fb9b4ea5903;744794642d320fd1;ING;36 mois;Etudiant;OUI;SE$$MITRO
300121;1f38129033665b02;48bb572306695036;fb5e35bcd67d3a3e;ING;36 mois;Etudiant;OUI;TELECOM$$CYBER
300122;b912af3c9e9e7d9d;62fb50f3ce234cc3;52b6a6c37df88cbf;ING;36 mois;Etudiant;OUI;IGR$$MACS
300123;f84e338ff740312f;05ca4932fe69ff8a;01d3ceacee11595f;ING;36 mois;Etudiant;OUI;DSAI$$SPAI
300124;cf3fff51c8fcb9a1;014bb0ac3dbbdb17;7792293a50a1edd8;ING;36 mois;Etudiant;OUI;MODS$$MITRO
300125;0acca3f36afa59bd;6f269819c723a82f;d6b299da6dc8e505;ING;36 mois;Etudiant;OUI;CYBER$$SE
300126;e8d16be4749dda26;d89587c7346079ef;dd1658408851f012;ING;36 mois;Etudiant;OUI;ACCQ$$TELECOM
300127;2db2c47338f273aa;c7d643568ed81fb3;adf784bfb901178c;ING;36 mois;Etudiant;OUI;MITRO$$IMA
300128;b37ec0c8927965ea;d182ffdad3582bda;e015e40c69a23574;ING;36 mois;Etudiant;OUI;MITRO$$SPAI
300129;aef485a962db5cc7;0072e6851cd842b5;30def376689fc4d6;ING;36 mois;Etudiant;OUI;RIO$$DSAI
300130;96d5d40987e7be20;f4ac6cd82311a7fb;108c9cb41585fae4;ING;36 mois;Etudiant;OUI;ACCQ$$SPAI
300131;d483a14f8bd988ad;5af4e1641751f85e;d3f1ebfef343b269;ING;36 mois;Etudiant;OUI;IGR$$DSAI
300132;605d27f3a093cb3a;402efe80a1ea4619;a12c2c857c2065cc;ING;36 mois;Etudiant;OUI;SE$$IMA
300133;439fd94b3b6fecf8;d2db5dd21ae74f29;ed2f94497d91213d;ING;36 mois;Etudiant;OUI;IMA$$DSAI
300134;8b8203e55c12d9ae;e8a565283d00c305;fecf9bc924406306;ING;36 mois;Etudiant;OUI;MODS$$SE
300135;47d629e4fd0354ef;f0e769c1a03ddf91;fcff710da28df3fb;ING;36 mois;Etudiant;OUI;RIO$$TELECOM
300136;fbe77ae49cdbf569;2f4565f3df97610b;8b5512ad3737f8ab;ING;36 mois;Etudiant;OUI;SLR$$DSAI
300137;31ee33313536b59e;f34ba436ed07fa95;28bdb74d74dddeb0;ING;36 mois;Etudiant;OUI;ACCQ$$SPAI
300138;22aac5d1c1419dc9;ab084ce6ebc6921a;c49629a500879d31;ING;36 mois;Etudiant;OUI;MODS$$RIO
300139;b313e90ea77b994c;73a6be34dd221d4f;6e2bcc8fdefd544f;ING;36 mois;Etudiant;OUI;RIO$$IMA
300140;36ef15b3d33b9143;b9b99f044d19965f;03b21df9eacf44ee;ING;36 mois;Etudiant;OUI;DSAI$$MACS
300141;a2dc7ca1e8250932;616f0350867e2ac1;f0ad5d0ac8233594;ING;36 mois;Etudiant;OUI;DSAI$$MACS
300142;49d51a5019c3a4da;8c31677fc381aed2;f0d7083749de264b;ING;36 mois;Etudiant;OUI;SLR$$DSAI
300143;7de10e9501f88cb6;915292c348d6aa8e;87aa6ea040f005df;ING;36 mois;Etudiant;OUI;ACCQ$$SLR
300144;20e3bcbc503eb6e0;708b62977fb18f60;6c38f56524248786;ING;36 mois;Etudiant;OUI;DSAI$$SE
300145;8e0d1add83efb171;8dea0c6a207d2765;a9230fd0a873f7a1;ING;36 mois;Etudiant;OUI;RIO$$CYBER
300146;72e3e3211ca241e1;9d23119cc3d70ece;d3a0ea63302648bd;ING;36 mois;Etudiant;OUI;RIO$$SE
300147;5741149db944f9a9;b04171db6662a6fe;aa9da53e1f7077e6;ING;36 mois;Etudiant;OUI;SE$$ACCQ
300148;ac6c50b02b0349e6;b106695785a75605;8304c3a69e7bb5d2;ING;36 mois;Etudiant;OUI;IMA$$DSAI
300149;466cbad71694a718;4f62f25cbfe5abff;f8c1676e7c69dc5b;ING;36 mois;Etudiant;OUI;MACS$$RIO
300150;29eb71eadeeddbfa;8c05e782b2928733;2b16a6a898648099;ING;36 mois;Etudiant;OUI;IMA$$IGR
300151;f4c776f7eea2a6dd;6ee0b4490fba7ddc;9a0144acc6c2c6f3;ING;36 mois;Etudiant;OUI;ACCQ$$DSAI
300152;925351f0562c9679;2e1b05adc534df2c;6469df596e8604e2;ING;36 mois;Etudiant;OUI;MITRO$$SPAI
300153;7afee129eb9c5d75;dec53c1758926fd3;b23ade5861e02eca;ING;36 mois;Etudiant;OUI;RIO$$ACCQ
300154;c10834aefe227e4f;85503593c52084eb;5616e13c9e101c67;ING;36 mois;Etudiant;OUI;DSAI$$RIO
300155;20d00a6273551d3a;a66cd3763ba50ca0;c6e728b126d9f358;ING;36 mois;Etudiant;OUI;MITRO$$IMA
300156;c4a5af2a0ec70703;97d7214bf964c617;ea48a1d907aa7617;ING;36 mois;Etudiant;OUI;SPAI$$ACCQ
300157;7ca5e02f26146425;672de9567d5799e6;8f2bcc5fedd4f0cd;ING;36 mois;Etudiant;OUI;RIO$$DSAI
300158;9458ce9e9cf2a4f6;4600bfcdcbcf92d1;3c56d8bfb1cd77f1;ING;36 mois;Etudiant;OUI;RIO$$DSAI
300159;048e4875032cc26d;5d89c9d23b486c90;5f032dd9d55b546f;ING;36 mois;Etudiant;OUI;SPAI$$MITRO
300160;e6561568de35292c;382a07ff30180136;0c8ffadabaa7bcc1;ING;36 mois;Etudiant;OUI;SLR$$SPAI
300161;30ec40387befd60a;0b1ae7fc2bdf3c96;414f29e5e3f77652;ING;36 mois;Etudiant;OUI;SPAI$$RIO
300162;05ac878f34f2a72a;ccd77839232a63b4;ac0916cdab473c0e;ING;36 mois;Etudiant;OUI;IGR$$SPAI
300163;97fe4941a938f6f9;c1a46715fc950cad;fbcc2996c34a19e5;ING;36 mois;Etudiant;OUI;MITRO$$RIO
300164;f946660b34cd513b;f513ad4c7137cf95;c2ec8eb03323f70f;ING;36 mois;Etudiant;OUI;ACCQ$$MODS
300165;5cfd943a25c0cf23;63550ea314652812;39b5d07919e4fab6;ING;36 mois;Etudiant;OUI;IMA$$DSAI
300166;49646b84d288c5ce;28d46286b5d4adc0;72833d2a2ba84780;ING;36 mois;Etudiant;OUI;GIN$$CYBER
300167;7c3359f3b98315ac;5bcf480444c81b7d;e5ebe98d7929da22;ING;36 mois;Etudiant;OUI;IGR$$SPAI
300168;25129f0d4ff3c060;db71e5752b4b1dfc;5b3a7399f9860c69;ING;36 mois;Etudiant;OUI;GIN$$IMA
300169;ef1b0ea9b30b5cb0;3df624d3f0487fcb;9bd583ee54bd0b63;ING;36 mois;Etudiant;OUI;SE$$SPAI
300170;cda156f83dff4acc;433044b071ad0df9;9f2d74578387d6f3;ING;36 mois;Etudiant;OUI;SLR$$GIN
300171;564734c1864d0621;cd977adf1d1938b8;bd7a15101a69f83d;ING;36 mois;Etudiant;OUI;DSAI$$SE
300172;ba93304abbb786c2;343166e32a9f6414;6d8bbe3d2fd05849;ING;36 mois;Etudiant;OUI;SLR$$SPAI
300173;6cf25eccc8650560;e897983571791484;817630bba284d9a1;ING;36 mois;Etudiant;OUI;GIN$$ACCQ
300174;b785803c86e7a86c;4e7db4f2f5e556f5;90955c6242d7ec34;ING;36 mois;Etudiant;OUI;ACCQ$$CYBER
300175;3cc030147284003a;264fe59af4718301;393d40707dc4b97c;ING;36 mois;Etudiant;OUI;DSAI$$RIO
300176;3739b2a3b2145da5;d499b38fb82044a4;cef23d842a45cbaf;ING;36 mois;Etudiant;OUI;SPAI$$SE
300177;da47cdff7c2d727b;060bf431bb49e4d7;671434c0db132f50;ING;36 mois;Etudiant;OUI;MODS$$DSAI
300178;d45f49fdae093411;550cde897d582c46;c17c52efacc51bd6;ING;36 mois;Etudiant;OUI;IMA$$CYBER
300179;ba07953260966178;21f11a290b9c6acb;43ad340cf1954e22;ING;36 mois;Etudiant;OUI;IMA$$IGR
300180;645ae4a9bd1c7624;f30492f3ea59528b;b225e8f8e43f1b9c;ING;36 mois;Etudiant;OUI;SPAI$$IMA
300181;4ebab2de81170439;c5c27ce2beee3253;cd6ca2aaf6f38e14;ING;36 mois;Etudiant;OUI;MODS$$ACCQ
300182;6a1c1bdf6160d885;2428c29ed68512da;956bdff5dbc0624a;ING;36 mois;Etudiant;OUI;SPAI$$MACS
300183;a04e4fa3d80e4e31;66d5c6b660bb0993;feddbbda35edb55d;ING;36 mois;Etudiant;OUI;DSAI$$RIO
300184;d932320d3f3e19d6;7ec36f3bedc0b798;89d70d1004baa5d7;ING;36 mois;Etudiant;OUI;MITRO$$RIO
300185;c1d4c5ca5d7343c8;5a6220d0402c04eb;577967c81824033e;ING;36 mois;Etudiant;OUI;ACCQ$$MODS
300186;498522fb6c3f0d2f;26dcae5590513abf;058360046b360a47;ING;36 mois;Etudiant;OUI;SPAI$$MACS
300187;488f62b9efdc6856;8c3956fded8a3cd6;bb2e518d9bc035ad;ING;36 mois;Etudiant;OUI;IGR$$DSAI
300188;26bb4a30a0a6ea72;c966382ddaa661ff;18d33e5ac70900e9;ING;36 mois;Etudiant;OUI;RIO$$MITRO
300189;11a02f3d98abc2af;1c9ef3b3071043ad;7526b018131928ac;ING;36 mois;Etudiant;OUI;MACS$$SPAI
300190;4e34a4de37ff8af7;2892b7622f1606ec;6f3a6a9e4347bce6;ING;36 mois;Etudiant;OUI;IMA$$SLR
300191;8d5934e3370e580f;eb832bd64cda1e8b;31cd696c58fd3173;ING;36 mois;Etudiant;OUI;RIO$$SLR
300192;1872387ccc378f65;6b99035f975a255a;e40fda058250bf0f;ING;36 mois;Etudiant;OUI;TELECOM$$GIN
300193;109754339aefb8f8;be0b9af3804d74bf;07db626c38e58bac;ING;36 mois;Etudiant;OUI;RIO$$SE
300194;8961a3deb930f4e4;959f9290e16931f9;0db0184b942846d2;ING;36 mois;Etudiant;OUI;ACCQ$$SPAI
300195;b7cdc38995da4684;d69929e5cd34eabe;bdedde00d2497b49;ING;36 mois;Etudiant;OUI;IMA$$CYBER
300196;4c0ee12183a39fa1;3164f474990f6320;433763f0ec139cf5;ING;36 mois;Etudiant;OUI;GIN$$RIO
300197;e3d4054756ff993f;b8cc3edd409e3c09;1e1b4ee805b6bc25;ING;36 mois;Etudiant;OUI;ACCQ$$RIO
300198;ae489c2fcf584abc;2105733ffa7735cd;218312eb05a3ec46;ING;36 mois;Etudiant;OUI;DSAI$$MITRO
300199;9765d62036140bd2;a5f66fbb42edc224;933f71a0798cb259;ING;36 mois;Etudiant;OUI;TELECOM$$SE
300200;9c13f801ad86a146;a17f21b2d2f48131;f7bdf970106c0f1c;ING;36 mois;Etudiant;OUI;GIN$$ACCQ
300201;bb6ad177207d1071;214e591ab794cf32;286fb7e9b978a31b;ING;36 mois;Etudiant;OUI;MACS$$MODS
300202;f82647963b417ee3;0f188c9218cf0cce;176c5d191b0a860a;ING;36 mois;Etudiant;OUI;SPAI$$DSAI
300203;d13c9ed85ce74088;279ac18b88039a85;ee0e0e1bf6d128a2;ING;36 mois;Etudiant;OUI;DSAI$$ACCQ
300204;88f475417315ea17;1880b17b32e3276a;bd2d940abadbf905;ING;36 mois;Etudiant;OUI;MODS$$IMA
300205;4036ab6c14c227d3;1fea8697a7b7ea37;edb2b2bf7ed747d4;ING;36 mois;Etudiant;OUI;MITRO$$IMA
300206;aa32dd4f65e053d8;f341d0524cdb4c79;3aa312beded9f452;ING;36 mois;Etudiant;OUI;ACCQ$$RIO
300207;becae58379fa1d9a;ca5416d8a3b95398;fe75983784365016;ING;36 mois;Etudiant;OUI;MACS$$CYBER
300208;0b69de4e933edf82;483b272a5a8e2a1d;3a61074c768f4f5f;ING;36 mois;Etudiant;OUI;CYBER$$RIO
300209;260d2f651d8c7bf5;979ffcbf93739dea;7d35ea3bc4ffd709;ING;36 mois;Etudiant;OUI;IMA$$TELECOM
300210;d1a8adcedc818f7a;19ed7563a400c2ab;216b65c795bad670;ING;36 mois;Etudiant;OUI;IMA$$TELECOM
300211;cf1599077183cc48;222d0043c69ad098;e638fc9d27d8f97c;ING;36 mois;Etudiant;OUI;SPAI$$IGR
300212;cb3e70c7ebf39a42;356f724cf71f8d9a;41ad086ffa7aef23;ING;36 mois;Etudiant;OUI;CYBER$$SE
300213;405356e31df5f4dc;093d98ab5496b8fe;6a45f0ad54f20966;ING;36 mois;Etudiant;OUI;MODS$$IGR
300214;a31e52b7b0689d9b;c86243685834ca8f;650762445f0a214e;ING;36 mois;Etudiant;OUI;DSAI$$SE
300215;937cccfb9a26584d;ef83db50bebd66cb;506eb609a3b80818;ING;36 mois;Etudiant;OUI;MODS$$SE
300216;8810fef5f31b0454;2d31e1a3860aa5b0;cd1264825e186d50;ING;36 mois;Etudiant;OUI;ACCQ$$MODS
300217;3ae2e232525a0506;be2796491c9584ad;7686598e82fbbbe5;ING;36 mois;Etudiant;OUI;MITRO$$ACCQ
300218;c46db96a82686e81;35f4eabc1a3b05df;aa35b95e50eedcf7;ING;36 mois;Etudiant;OUI;CYBER$$RIO
300219;afc9173dd8c05596;44a1294bec5e0465;992576d274b0f5b3;ING;36 mois;Etudiant;OUI;IMA$$MITRO
300220;6fce73c4a4ca9dc2;bf0757bba0c274f6;169d2ac5d499cf18;ING;36 mois;Etudiant;OUI;SE$$DSAI
300221;5c3e2b3c05a4ce0f;cd19d83ebfab35dc;240a86ed1e913feb;ING;36 mois;Etudiant;OUI;SPAI$$MODS
300222;b8da90859bd0ea91;3b1c752344fd8be7;e12ab143c2a9dc05;ING;36 mois;Etudiant;OUI;GIN$$ACCQ
300223;2d368971bf6d8581;c5980d60d488ea37;70a729edacf0aaab;ING;36 mois;Etudiant;OUI;SPAI$$IMA
300224;f65c8c12fb26b99a;ee045bdd09f7c4c3;3c663955cdb6d8ab;ING;36 mois;Etudiant;OUI;RIO$$MACS
300225;ac7cfe9e55c90ae5;3cddd60742d0a75f;2b0c65eb75f6a492;ING;36 mois;Etudiant;OUI;ACCQ$$DSAI
300226;ee7e75e3a57e201d;fc2d830ef19c1bce;d334835bda47f683;ING;36 mois;Etudiant;OUI;SPAI$$TELECOM
300227;ef78a9eae8814490;7bb9959fe94449c8;7069408bcf5b4abc;ING;36 mois;Etudiant;OUI;MITRO$$DSAI
300228;5f5fc02a79674836;bfe076b1c3a2821e;778577e518826249;ING;36 mois;Etudiant;OUI;RIO$$SE
300229;fe31a26f3e2f636f;90d3e6e08d8f5af9;987a89e35f0aff55;ING;36 mois;Etudiant;OUI;GIN$$TELECOM
300230;93ea5637699af396;4a56c555afd878f9;b49abae9dcd0c1db;ING;36 mois;Etudiant;OUI;GIN$$MODS
300231;e806689b0adca66e;83275aff1cf78c13;1a8be93f42ad4496;ING;36 mois;Etudiant;OUI;ACCQ$$MACS
300232;a89042abe65ae7eb;a688043ddcf11b0d;1af9a222352e62d8;ING;36 mois;Etudiant;OUI;ACCQ$$MODS
300233;4a25aed0c90c007a;d487ae6b46469530;14b2aa76695d876b;ING;36 mois;Etudiant;OUI;SE$$SPAI
300234;e3c0e6c1eec66c32;53563fbad662bf83;e00cdc3bb92d972c;ING;36 mois;Etudiant;OUI;CYBER$$RIO
300235;8a14750444f1169b;d5d5545b350f69cb;8a00a0f14d1c5530;ING;36 mois;Etudiant;OUI;RIO$$CYBER
300236;d23fede409ff84ab;3ff64744723c9377;859ae84adb41c165;ING;36 mois;Etudiant;OUI;MITRO$$TELECOM
300237;75ca0ffb6ce6e8e3;8aa58afe3a82bd04;37e3394b9ed25c64;ING;36 mois;Etudiant;OUI;CYBER$$ACCQ
300238;06b41b75b53574d6;81c9cdfea4902896;21d44f57c5dc67b2;ING;36 mois;Etudiant;OUI;RIO$$TELECOM
300239;4c346e48a0393f7e;93e42a81c83ed5f9;732b7fdd13888ad8;ING;36 mois;Etudiant;OUI;TELECOM$$SPAI
300240;3f7f7d83fcc13333;7bdc1bee1cd0650a;39d0e8bbb78e1ae8;ING;36 mois;Etudiant;OUI;SPAI$$IGR
300241;acb5f2ab7a932caf;5c68fbaeb55a0369;95c2622c84abc4c3;ING;36 mois;Etudiant;OUI;DSAI$$SLR
300242;92a7e17480f7777e;640970fed6d5cc8b;8dbb7ab24a743fa3;ING;36 mois;Etudiant;OUI;RIO$$DSAI
300243;b7e81eefd250e1bf;42b2880fd4c6e99a;7d4a01b322d56755;ING;36 mois;Etudiant;OUI;RIO$$ACCQ
300244;3a23ccdcf4a539b5;d8f258c67b2ae380;11b35000ac90b256;ING;36 mois;Etudiant;OUI;CYBER$$SPAI
300245;6b34b5e54e013993;b553f64aece32a7b;47f6c1b1f32ac69a;ING;36 mois;Etudiant;OUI;ACCQ$$SE
300246;9dcdc2f0f3afc9f9;116295a1019c6b1d;5b163e57a26f601c;ING;36 mois;Etudiant;OUI;MACS$$DSAI
300247;907a5c7bc14478d9;68d0ddc86f80c1e4;72335f25a58c9998;ING;36 mois;Etudiant;OUI;TELECOM$$DSAI
300248;62f641ff3371c522;7dbe4e166a104a85;be61cc492756ae0e;ING;36 mois;Etudiant;OUI;IGR$$MACS
300249;954a132d05ab1437;0c01c37120fc9ce7;f8bef4eb7495c85b;ING;36 mois;Etudiant;OUI;GIN$$IMA
300250;941ed7c4b6cddeee;cebaac467666bedb;96c4f3e9d166a5cd;ING;36 mois;Etudiant;OUI;DSAI$$MODS
300251;6c584c64dae74fa1;322001a2ab64692b;aefa5993545d3d5f;ING;36 mois;Etudiant;OUI;SLR$$MODS
300252;734e314cfcf50be5;e0fba2b2549c436a;92bf0d5b8680fa51;ING;36 mois;Etudiant;OUI;DSAI$$IMA
300253;8eda18e2a14009c6;fcc18cabdda4b86f;982e2a3043725b24;ING;36 mois;Etudiant;OUI;ACCQ$$DSAI
300254;2200a24ea3314625;220d7612ca6f6f5f;91e502568463265a;ING;36 mois;Etudiant;OUI;ACCQ$$IMA
300255;c9d96d8b70895212;fb1d2e02ab28aebf;bf9fa6751bdeeace;ING;36 mois;Etudiant;OUI;DSAI$$TELECOM
300256;44cd04ac4cb0d545;630cf48a60fc5987;6ffdd5f1b32af947;ING;36 mois;Etudiant;OUI;RIO$$SE
300257;95a9d349ab4bf20e;bd76a7af8aa64a77;7ff0a3c4a2fe82ec;ING;36 mois;Etudiant;OUI;TELECOM$$SE
300258;1f770abf48afa663;91697cd09864900d;2be4ec5ea38e86e9;ING;36 mois;Etudiant;OUI;IMA$$MACS
300259;031afb4ac0dac5a1;9a114f22443572bb;a2da2fc1dc426e53;ING;36 mois;Etudiant;OUI;SLR$$MACS
300260;771017f117744aac;c09f0d216167f0b2;b5c64098bc568a6a;ING;36 mois;Etudiant;OUI;DSAI$$RIO
300261;9e0ec6531c366969;be178609065a6fca;ec5ff97230010809;ING;36 mois;Etudiant;OUI;SPAI$$MODS
300262;531b66db28d09139;48e630f50327e880;f2462cc01fded501;ING;36 mois;Etudiant;OUI;MODS$$DSAI
300263;89f680867e01df71;9b2bef5bb4abd5cb;eb94fdbd284abee5;ING;36 mois;Etudiant;OUI;DSAI$$SPAI
300264;4a546c2d3130857a;f3abcc7bd37e4603;f4297c9636000936;ING;36 mois;Etudiant;OUI;SPAI$$MITRO
300265;228e3dbc09acb69d;f1f1fab08fc3dbf0;c1f2f82273eca7f1;ING;36 mois;Etudiant;OUI;SLR$$RIO
300266;e6d3040e25e8c183;f5e9519ad3426ff7;0c5c1957af7e3354;ING;36 mois;Etudiant;OUI;MITRO$$ACCQ
300267;0efbd0b3df18dd22;28bfc74305256eb8;f25d3176494c0b10;ING;36 mois;Etudiant;OUI;MACS$$SPAI
300268;094a7f66fff635c2;4442f257db78d1d1;ac06bce74fd579f2;ING;36 mois;Etudiant;OUI;IGR$$DSAI
300269;2241b8c8ea9a9ffc;4fa2fa288897aa76;b96ad88d6496ba6e;ING;36 mois;Etudiant;OUI;MODS$$CYBER
300270;976a5fb7cf8ea482;83cc0268fe8d681d;f3fdca3453b11283;ING;36 mois;Etudiant;OUI;ACCQ$$SLR
300271;3d61103a89d7778b;740a75c60528f337;d77e55783079dce6;ING;36 mois;Etudiant;OUI;ACCQ$$IMA
300272;dee4cc086fdaa0fc;e6b42c5c66abc879;7cf072e0cbbc0fde;ING;36 mois;Etudiant;OUI;IMA$$RIO
300273;8b78b8f55761cb17;2521828e494d857d;95272159fd570622;ING;36 mois;Etudiant;OUI;SPAI$$IGR
300274;53eb54570a5801c4;51f447b8e7e53751;2c409efccebc8d5f;ING;36 mois;Etudiant;OUI;RIO$$IMA
300275;2b93dcc9b0af606d;4e49c7407e8fceeb;6e4d17439b1becd2;ING;36 mois;Etudiant;OUI;MACS$$CYBER
300276;f1f2ba6950348106;b0ecaeba9b13efd1;24cae84462c8c711;ING;36 mois;Etudiant;OUI;ACCQ$$MITRO
300277;6d6d4d8602518f27;e5f32eabf8aa4877;0df8a9fc19834777;ING;36 mois;Etudiant;OUI;IMA$$SPAI
300278;3bdcda9275f2a1dc;d4df0ab397ffc6cd;7975a5ac232204df;ING;36 mois;Etudiant;OUI;SE$$MACS
300279;410f5149bb2159a3;121065cf3892942e;853f791ca5feb99c;ING;36 mois;Etudiant;OUI;RIO$$DSAI
300280;9a67e44121343e44;29aa7fdd396f1b5c;6b2118c5fecae4ad;ING;36 mois;Etudiant;OUI;MODS$$SPAI
300281;5058d2fa4147f865;d10baba03f664a8c;6d1e9e19a0d2fde7;ING;36 mois;Etudiant;OUI;DSAI$$SPAI
300282;7e89178c80717e7c;0d128d091f6937ca;560d2a7f0348598d;ING;36 mois;Etudiant;OUI;SPAI$$RIO
300283;5b3992243072853e;a3e3f82b2b5c6802;254a56fb0acd3c65;ING;36 mois;Etudiant;OUI;SLR$$MODS
300284;27fecab611e60b0b;ad0ae24334ffa31a;79d9131948c48ad2;ING;36 mois;Etudiant;OUI;SLR$$ACCQ
300285;f99d009a5243b338;aa356271892993c1;9d2a8142303f1fbc;ING;36 mois;Etudiant;OUI;SPAI$$MITRO
300286;72a5530f6457d086;f71d6c69b4cd9873;d8f03c6845374177;ING;36 mois;Etudiant;OUI;ACCQ$$IMA
300287;6830630d3a6e443b;adc8e646cb67ff8d;180de511e96d3949;ING;36 mois;Etudiant;OUI;DSAI$$MACS
300288;0f2eb97e68fc85f7;e407fc7438b8389c;02379875f040ada0;ING;36 mois;Etudiant;NON;IMA$$MODS
300289;9d886cb3cf67a1ab;f7af7d02347d16ed;23e4766b3180d38e;ING;36 mois;Etudiant;NON;SE$$SLR
300290;732871f850f6da32;780dbbe503086557;1566649e1e74136b;ING;36 mois;Etudiant;NON;SPAI$$IGR
300291;9d425fc05b15d325;624d3d758ae56ed5;e8a8606c9ce23417;ING;36 mois;Etudiant;NON;ACCQ$$RIO
300292;3fc4157471272a28;8a451df64724e2d2;ae58a0100002a522;ING;36 mois;Etudiant;NON;DSAI$$SE
300293;3eb104bac3998524;f9f24591acf1de01;1087cba2b84cc37d;ING;36 mois;Etudiant;NON;DSAI$$SE
300294;7ab1b95c11f1d67d;eb05421813c83088;5ff76c62c87424c9;ING;36 mois;Etudiant;NON;MACS$$IMA
300295;9d9507d4bd63982e;1c9c5bb915c7ba59;602fc9d89073b758;ING;36 mois;Etudiant;NON;DSAI$$SE
300296;e1a19197666b68a3;c74323ee316726f6;4ca71d122fac3ed0;ING;36 mois;Etudiant;NON;MITRO$$SPAI
300297;003ad3407caff893;d06cbb4129239397;7cfa04d6556427e8;ING;36 mois;Etudiant;NON;CYBER$$SLR
300298;28194d1b0a7fcdd1;334d01616bcc20c4;e2a63568ab1d5d3f;ING;36 mois;Etudiant;NON;MITRO$$MODS
300299;468913790e6a97f4;d167b313be01b299;50e85cdc9e294bc7;ING;36 mois;Etudiant;NON;ACCQ$$SE
300300;90965635794dc1d0;f4c3ed0e56977ab7;4090bd34da04cb4d;ING;36 mois;Etudiant;NON;MACS$$ACCQ
300301;ccbd260fd346aa38;68c4798105f700dc;c213c6226a012c18;ING;36 mois;Etudiant;NON;DSAI$$IGR
300302;2a1ed56ed41b7880;fee9c51e4cd44b02;ffc15280c82666e7;ING;36 mois;Etudiant;NON;IGR$$ACCQ
300303;ab56bc3e2e065325;0c37d7a4efbc366e;299815a14c913d89;ING;36 mois;Etudiant;NON;IGR$$MACS
300304;683cf34ef552052f;5368d5afe7d7735a;d0a7e0fdc3ef1cf7;ING;36 mois;Etudiant;NON;SPAI$$IMA
300305;40b0c42557ba52cb;0ae38c42524ace18;7d90541a17d8949a;ING;36 mois;Etudiant;NON;SPAI$$SE
300306;229bee1e2b57cecf;650e8c22effc4df4;4a6f1a0c57b180bc;ING;36 mois;Etudiant;NON;RIO$$ACCQ
300307;e103585ab885cec6;4b95748c763ac582;a5af5ac55c77ab37;ING;36 mois;Etudiant;NON;MITRO$$ACCQ
300308;3cbb0f8ca0af9870;69323ff516a7812b;6c92a9e3aa6365b6;ING;36 mois;Etudiant;NON;RIO$$SPAI
300309;37dea10843921b5e;c3f14f08b47bc54a;dd1adee8954faa8a;ING;36 mois;Etudiant;NON;RIO$$SE
300310;ba954932da040114;9b772743aa260aaf;16d53999ccf4f7de;ING;36 mois;Etudiant;NON;DSAI$$MODS
300311;9d404b5b96265346;24640921c027d8f5;6eb05fc2e55bfea8;ING;36 mois;Etudiant;NON;SPAI$$RIO
300312;8f4c41a42ec73c15;e3f52e66e650a554;6d53da297475ab76;ING;36 mois;Etudiant;NON;DSAI$$MITRO
300313;8d3fef75c970a88f;35ee055e251a7ef3;6fa4744034bc1651;ING;36 mois;Etudiant;NON;MITRO$$SPAI
300314;feeb6bb57c116089;7c2a3e2b562045b0;296f86160df26f23;ING;36 mois;Etudiant;NON;RIO$$IMA
300315;443653ede413233c;c345131e4ae76619;6dca605e93495329;ING;36 mois;Etudiant;NON;MACS$$GIN
300316;c4a0a449c406bbc2;06b4f037e3486dba;bc946082404f1d3b;ING;36 mois;Etudiant;NON;CYBER$$ACCQ
300317;f8151e2dd0d74493;aa8507917130bcfe;bd92bebb9d578f34;ING;36 mois;Etudiant;NON;ACCQ$$SE
300318;d031133160d73ec8;2f5d103be3403a1e;261de371e7a219b8;ING;36 mois;Etudiant;NON;RIO$$IMA
300319;c53600d5bbedd8f0;630a66c5e8dcd42b;274f0118cdd39a02;ING;36 mois;Etudiant;NON;SE$$TELECOM
